case,bias_m3_day,rmse_m3_day,mae_m3_day,correlation,percent_bias,total_model_ET_m3,total_SSEBop_ET_m3
Capillarity,-3876262414.775404,5390198159.923885,3908393318.100098,0.8631901211950833,-92.8164088892705,105602129674.25781,1470046499675.2
No capillarity,-3920905233.7359676,5420510689.010983,3934143485.4177494,0.8657797880887934,-93.88537318921547,89887857400.13951,1470046499675.2
