case,bias_m_day,rmse_m_day,mae_m_day,correlation,percent_bias,total_model_ET_m,total_SSEBop_ET_m
Capillarity,-1.8823213519880042,2.617696361427582,1.8980318917018062,0.8631901211950832,-92.77963809192386,51.5635398800087,714.1406557797862
No capillarity,-1.9041196034335919,2.6324963932875978,1.910605327321724,0.8657797880887929,-93.85407412168169,43.89055537116188,714.1406557797862
